"se",69
"en",27
"rs",25
"cb",25
"rse",22
"nc",21
"be",18
"sen",18
"cbe",17
"ns",16
"ncb",16
"ncbe",15
"ld",13
"nse",12
"e-",11
"pr",11
"ls",11
"ne",10
"re",10
"rc",10
"wl",10
"ts",10
"tr",9
"se-",9
"wld",9
"rn",8
"dn",8
"ep",8
"lse",8
"enc",8
"nm",7
"xl",7
"br",7
"nt",7
"te",7
"rcb",7
"prs",7
"cbr",7
"sep",7
"nsen",7
"prse",7
"in",6
"er",6
"eo",6
"le",6
"ew",6
"un",6
"ldn",6
"brn",6
"tse",6
"rcbr",6
"cbrn",6
"senc",6
"rcbrn",6
"mr",5
"et",5
"ks",5
"pn",5
"lr",5
"nr",5
"sp",5
"seo",5
"dnc",5
"kse",5
"rns",5
"trs",5
"ewl",5
"rseo",5
"ldnc",5
"dncb",5
"brns",5
"rnse",5
"ewld",5
"encb",5
"ldncb",5
"dncbe",5
"cbrns",5
"brnse",5
"ldncbe",5
"rcbrns",5
"cbrnse",5
"rcbrnse",5
"ea",4
"st",4
"tf",4
"np",4
"ei",4
"em",4
"cr",4
"rl",4
"sn",4
"sr",4
"on",4
"e7",4
"ein",4
"enm",4
"epr",4
"ent",4
"eon",4
"sepr",4
"eprs",4
"trse",4
"wldn",4
"seon",4
"seprs",4
"eprse",4
"encbe",4
"rseon",4
"seprse",4
"mn",3
"nd",3
"ar",3
"fr",3
"pi",3
"bs",3
"tc",3
"al",3
"nl",3
"dr",3
"-c",3
"rt",3
"de",3
"ms",3
"ps",3
"ol",3
"mt",3
"mu",3
"-m",3
"es",3
"ut",3
"rne",3
"nen",3
"enp",3
"bse",3
"ser",3
"erc",3
"sei",3
"nmr",3
"bet",3
"e-c",3
"sew",3
"lrs",3
"mun",3
"rse-",3
"ercb",3
"sein",3
"cbet",3
"nsep",3
"sewl",3
"ncbet",3
"sewld",3
"ewldn",3
"wldnc",3
"sencb",3
"prseo",3
"wldncb",3
"sencbe",3
"eprseo",3
"prseon",3
"wldncbe",3
"seprseo",3
"eprseon",3
"seprseon",3
"dm",2
"n-",2
"-s",2
"na",2
"bn",2
"op",2
"eh",2
"hl",2
"du",2
"ul",2
"fx",2
"lu",2
"pp",2
"it",2
"tx",2
"lp",2
"sm",2
"me",2
"el",2
"eu",2
"ur",2
"gl",2
"nw",2
"no",2
"eg",2
"dd",2
"cu",2
74,2
"r+",2
"ed",2
"cm",2
"so",2
"us",2
"+e",2
"vl",2
"ct",2
"-w",2
"ws",2
"ec",2
"sa",2
"-t",2
"mk",2
"e2",2
"gs",2
"rb",2
"lx",2
"nea",2
"ars",2
"nar",2
"tfr",2
"frn",2
"npr",2
"inc",2
"mrs",2
"ldu",2
"etf",2
"fxl",2
"ppi",2
"inl",2
"nld",2
"ldr",2
"drc",2
"nts",2
"crs",2
"lpn",2
"tsm",2
"sme",2
"seu",2
"gls",2
"nwl",2
"sre",2
"ren",2
"nte",2
"teg",2
"ncu",2
"ten",2
"rts",2
"de7",2
"e74",2
"red",2
"nrc",2
"rcm",2
"cms",2
"msp",2
"sps",2
"sol",2
"ole",2
"use",2
"tew",2
"pnt",2
"sem",2
"ntr",2
"xlr",2
"spn",2
"uns",2
"ste",2
"e-t",2
"-tr",2
"mks",2
"ses",2
"src",2
"pse",2
"mre",2
"enr",2
"nrs",2
"arse",2
"tfrn",2
"frne",2
"rnen",2
"senp",2
"nprs",2
"rsei",2
"einc",2
"senm",2
"enmr",2
"mrse",2
"inld",2
"ldrc",2
"drcb",2
"sent",2
"ents",2
"se-c",2
"rsew",2
"tsme",2
"lrse",2
"nwld",2
"nteg",2
"encu",2
"rtse",2
"tsen",2
"rsep",2
"rcms",2
"cmsp",2
"sole",2
"lse-",2
"tse-",2
"e-tr",2
"-trs",2
"mkse",2
"ksen",2
"lsen",2
"nmre",2
"senr",2
"enrs",2
"nrse",2
"tfrne",2
"frnen",2
"nsenp",2
"nprse",2
"rsein",2
"ldrcb",2
"drcbr",2
"rnsep",2
"nsepr",2
"rnsen",2
"nsent",2
"sents",2
"rsewl",2
"nsenc",2
"sencu",2
"ercbr",2
"rcmsp",2
"e-trs",2
"-trse",2
"trse-",2
"lsenc",2
"senrs",2
"enrse",2
"tfrnen",2
"ldrcbr",2
"drcbrn",2
"brnsep",2
"nseprs",2
"brnsen",2
"rnsent",2
"nsents",2
"rsewld",2
"sewldn",2
"ewldnc",2
"ercbrn",2
"senrse",2
"ldrcbrn",2
"drcbrns",2
"cbrnsep",2
"nseprse",2
"cbrnsen",2
"brnsent",2
"rnsents",2
"rsewldn",2
"sewldnc",2
"ewldncb",2
"ldrcbrns",2
"drcbrnse",2
"rcbrnsep",2
"rcbrnsen",2
"cbrnsent",2
"brnsents",2
"rsewldnc",2
"sewldncb",2
"ewldncbe",2
"ldrcbrnse",2
"rcbrnsent",2
"cbrnsents",2
"rsewldncb",2
"sewldncbe",2
"rcbrnsents",2
"rsewldncbe",2
"p1",1
"mx",1
"xn",1
"-n",1
"ta",1
"a-",1
"-k",1
"kn",1
"pb",1
"bb",1
"lf",1
"ft",1
"cx",1
"lb",1
"l-",1
"-p",1
"rp",1
"ly",1
"yp",1
"iy",1
"yn",1
"mg",1
"gk",1
"sg",1
"gn",1
"xs",1
"sl",1
"ci",1
"lw",1
"rg",1
"as",1
"pf",1
"fs",1
"gd",1
"fl",1
71,1
"1n",1
"cd",1
"sf",1
"fe",1
"4n",1
"+s",1
75,1
"5n",1
"fn",1
"rd",1
"to",1
"ot",1
"ni",1
19,1
94,1
"4w",1
"d'",1
"s",1
"rf",1
"ee",1
"-f",1
"dx",1
"ds",1
"ex",1
"dv",1
"lm",1
"t6",1
"6t",1
"tu",1
"ai",1
"is",1
"kl",1
"-l",1
"ae",1
"e6",1
"6n",1
"mb",1
"p+",1
"2p",1
"pt",1
26,1
"6m",1
"ml",1
"4s",1
"rk",1
29,1
"9k",1
"ke",1
"os",1
"e1",1
17,1
73,1
"3r",1
"r7",1
"7r",1
35,1
56,1
"6l",1
"cl",1
"lg",1
"uu",1
"nu",1
"dk",1
"kr",1
"sh",1
"6s",1
"s1",1
"1m",1
"cs",1
"ht",1
"tl",1
99,1
9,1
0.8,1
84,1
4,1
".b",1
"b2",1
"2u",1
"pl",1
"ao",1
"lt",1
"sk",1
"ou",1
"pu",1
"uc",1
"e3",1
"3x",1
"xo",1
"or",1
"n2",1
"2n",1
"ng",1
"av",1
"vx",1
"hm",1
"mc",1
"sc",1
"eÂ",1
"Âœ",1
"œm",1
"dl",1
"d-",1
"w-",1
"m-",1
"-y",1
"yh",1
"hi",1
"il",1
"xd",1
"mnd",1
"ndm",1
"dmx",1
"mxn",1
"xne",1
"ear",1
"e-n",1
"-n-",1
"n-s",1
"-st",1
"sta",1
"ta-",1
"a-k",1
"-kn",1
"kna",1
"are",1
"npi",1
"pin",1
"ins",1
"npb",1
"pbs",1
"cbb",1
"bbn",1
"bns",1
"eop",1
"opr",1
"pre",1
"reh",1
"ehl",1
"hld",1
"dul",1
"uld",1
"tfx",1
"xlf",1
"lft",1
"ftc",1
"tcx",1
"cxl",1
"xlu",1
"lul",1
"ulb",1
"lbe",1
"al-",1
"l-p",1
"-pr",1
"prp",1
"rpp",1
"pit",1
"itx",1
"txl",1
"xly",1
"lyp",1
"ypp",1
"piy",1
"iyn",1
"ync",1
"bem",1
"emg",1
"mgk",1
"gks",1
"tsg",1
"sgn",1
"gne",1
"ntx",1
"txs",1
"xse",1
"-cr",1
"rsl",1
"sle",1
"le-",1
"-ci",1
"cit",1
"itr",1
"alw",1
"lwl",1
"wlp",1
"pnc",1
"ets",1
"mel",1
"elr",1
"erl",1
"rls",1
"eur",1
"urg",1
"rgl",1
"lsn",1
"sne",1
"eas",1
"asn",1
"snw",1
"nop",1
"opf",1
"pfs",1
"fse",1
"enl",1
"nls",1
"lsr",1
"ben",1
"egd",1
"gdd",1
"ddm",1
"dmn",1
"mns",1
"cur",1
"ure",1
"rer",1
"ene",1
"net",1
"brt",1
"bei",1
"flr",1
"ond",1
"nde",1
"e71",1
"71n",1
"1nc",1
"cdn",1
"dns",1
"ons",1
"nsf",1
"sfe",1
"fe7",1
"74n",1
"4nc",1
"pr+",1
"r+s",1
"+se",1
"onr",1
"nre",1
"ede",1
"e75",1
"75n",1
"5nc",1
"tfn",1
"fnr",1
"pso",1
"lem",1
"emr",1
"mrd",1
"rde",1
"del",1
"elu",1
"lus",1
"set",1
"eto",1
"tot",1
"ote",1
"dni",1
"nin",1
194,1
"94w",1
"4wl",1
"ld'",1
"d's",1
"sn",1
"snc",1
"etr",1
"trf",1
"rfx",1
"alp",1
"egl",1
"e-s",1
"-se",1
"see",1
"eer",1
"er+",1
"r+e",1
"vls",1
"emt",1
"mts",1
"-ct",1
"cts",1
"e-w",1
"-ws",1
"wse",1
"e-f",1
"-fr",1
"frt",1
"trt",1
"rtr",1
"onp",1
"ldx",1
"dxl",1
"lrc",1
"pne",1
"new",1
"lds",1
"dst",1
"sts",1
"mex",1
"exl",1
"dvl",1
"vlm",1
"lmt",1
"mt6",1
"t6t",1
"6tu",1
"tun",1
"bec",1
"nsa",1
"sai",1
"ais",1
"ist",1
"nmu",1
"una",1
"kls",1
"e-l",1
"-lr",1
"rst",1
"te-",1
"e-m",1
"-mk",1
"en-",1
"n-m",1
"-mr",1
"sae",1
"ae6",1
"e6n",1
"6ns",1
"ese",1
"nmb",1
"mbs",1
"nmn",1
"mnr",1
"ep+",1
"p+e",1
"+e2",1
"e2p",1
"2pt",1
"pte",1
"ews",1
"wsr",1
"26m",1
"6ml",1
"mls",1
"se7",1
"74s",1
"4sp",1
"spr",1
"prk",1
"rks",1
"se2",1
"e29",1
"29k",1
"9ke",1
"ken",1
"eno",1
"nos",1
"oso",1
"le1",1
"e17",1
173,1
"73r",1
"3r7",1
"r7r",1
"7rs",1
356,1
"56l",1
"6le",1
"lec",1
"ecl",1
"clg",1
"lgs",1
"gse",1
"euu",1
"uun",1
"unu",1
"nut",1
"utr",1
"tre",1
"edk",1
"dkr",1
"krs",1
"eps",1
"esh",1
"shl",1
"hle",1
"6s1",1
"s1m",1
"1mt",1
"mtc",1
"tcs",1
"cse",1
"seh",1
"eht",1
"htl",1
"tls",1
"cut",1
"utc",1
"tct",1
"ctr",1
"rsn",1
"snm",1
99,1
9.8,1
0.84,1
84,1
"4.b",1
".b2",1
"b2u",1
"2un",1
"une",1
"nep",1
"epl",1
"pls",1
"ncr",1
"sea",1
"eao",1
"aol",1
"olt",1
"lts",1
"ens",1
"nsk",1
"sks",1
"nsr",1
"reo",1
"eou",1
"ous",1
"epu",1
"put",1
"uts",1
"duc",1
"ucb",1
"be3",1
"e3x",1
"3xo",1
"xor",1
"orl",1
"dnm",1
"nms",1
"mse",1
"in2",1
"n2n",1
"2nt",1
"trl",1
"rle",1
"ler",1
"tsr",1
"rcr",1
"crb",1
"rbn",1
"bne",1
"lsp",1
"pns",1
"eng",1
"ngs",1
"gsp",1
"emk",1
"erb",1
"rbs",1
"bea",1
"eav",1
"avx",1
"vxl",1
"hmc",1
"mcr",1
"cre",1
"res",1
"esc",1
"scb",1
"beÂ",1
"eÂœ",1
"Âœm",1
"œmu",1
"und",1
"ndd",1
"ddl",1
"dls",1
"d-w",1
"-w-",1
"w-m",1
"-m-",1
"m-y",1
"-yh",1
"yhi",1
"hil",1
"ilx",1
"lxd",1
"xdr",1
"drl",1
"rlx",1
"mndm",1
"ndmx",1
"dmxn",1
"mxne",1
"xnea",1
"near",1
"ears",1
"se-n",1
"e-n-",1
"-n-s",1
"n-st",1
"-sta",1
"sta-",1
"ta-k",1
"a-kn",1
"-kna",1
"knar",1
"nare",1
"nenp",1
"enpi",1
"npin",1
"pins",1
"inse",1
"enpb",1
"npbs",1
"pbse",1
"bser",1
"serc",1
"rcbb",1
"cbbn",1
"bbns",1
"bnse",1
"enpr",1
"rsen",1
"nmrs",1
"seop",1
"eopr",1
"opre",1
"preh",1
"rehl",1
"ehld",1
"hldu",1
"ldul",1
"duld",1
"uldn",1
"betf",1
"etfx",1
"tfxl",1
"fxlf",1
"xlft",1
"lftc",1
"ftcx",1
"tcxl",1
"cxlu",1
"xlul",1
"lulb",1
"ulbe",1
"al-p",1
"l-pr",1
"-prp",1
"prpp",1
"rppi",1
"ppit",1
"pitx",1
"itxl",1
"txly",1
"xlyp",1
"lypp",1
"yppi",1
"ppiy",1
"piyn",1
"iync",1
"yncb",1
"cbem",1
"bemg",1
"emgk",1
"mgks",1
"gkse",1
"ksei",1
"einl",1
"nldr",1
"wldr",1
"ntsg",1
"tsgn",1
"sgne",1
"gnen",1
"nent",1
"entx",1
"ntxs",1
"txse",1
"xse-",1
"e-cr",1
"-crs",1
"crsl",1
"rsle",1
"sle-",1
"le-c",1
"e-ci",1
"-cit",1
"citr",1
"itrs",1
"alwl",1
"lwlp",1
"wlpn",1
"lpnc",1
"pncb",1
"bets",1
"etsm",1
"smel",1
"melr",1
"elrs",1
"rser",1
"serl",1
"erls",1
"rlse",1
"lseu",1
"seur",1
"eurg",1
"urgl",1
"rgls",1
"glsn",1
"lsne",1
"snea",1
"neas",1
"easn",1
"asnw",1
"snwl",1
"nopf",1
"opfs",1
"pfse",1
"fsen",1
"senl",1
"enls",1
"nlsr",1
"lsre",1
"sren",1
"renc",1
"cben",1
"bent",1
"ente",1
"tegd",1
"egdd",1
"gddm",1
"ddmn",1
"dmns",1
"mnse",1
"ncur",1
"cure",1
"urer",1
"rerc",1
"brne",1
"tene",1
"enet",1
"netf",1
"etfr",1
"nenc",1
"ncbr",1
"cbrt",1
"brts",1
"cbei",1
"bein",1
"flrs",1
"eond",1
"onde",1
"nde7",1
"de71",1
"e71n",1
"71nc",1
"1ncb",1
"cdns",1
"dnse",1
"eons",1
"onsf",1
"nsfe",1
"sfe7",1
"fe74",1
"e74n",1
"74nc",1
"4ncb",1
"pr+s",1
"r+se",1
"+sep",1
"eonr",1
"onre",1
"nred",1
"rede",1
"ede7",1
"de75",1
"e75n",1
"75nc",1
"5ncb",1
"tfnr",1
"fnrc",1
"nrcm",1
"msps",1
"spso",1
"psol",1
"olem",1
"lemr",1
"emrd",1
"mrde",1
"rdel",1
"delu",1
"elus",1
"luse",1
"uset",1
"seto",1
"etot",1
"tote",1
"otew",1
"tewl",1
"ldni",1
"dnin",1
"ninl",1
"nldn",1
"194w",1
"94wl",1
"4wld",1
"wld'",1
"ld's",1
"d'sn",1
"snc",1
"sncb",1
"betr",1
"etrf",1
"trfx",1
"rfxl",1
"alpn",1
"lpnt",1
"pnte",1
"tegl",1
"egls",1
"glse",1
"se-s",1
"e-se",1
"-see",1
"seer",1
"eer+",1
"er+e",1
"vlse",1
"lsem",1
"semt",1
"emts",1
"mtse",1
"e-ct",1
"-cts",1
"ctse",1
"se-w",1
"e-ws",1
"-wse",1
"wse-",1
"se-f",1
"e-fr",1
"-frt",1
"frts",1
"pntr",1
"ntrt",1
"trtr",1
"rtrs",1
"eonp",1
"onpr",1
"wldx",1
"ldxl",1
"dxlr",1
"xlrc",1
"lrcm",1
"mspn",1
"spne",1
"pnew",1
"newl",1
"wlds",1
"ldst",1
"dsts",1
"stsm",1
"smex",1
"mexl",1
"dvlm",1
"vlmt",1
"lmt6",1
"mt6t",1
"t6tu",1
"6tun",1
"tuns",1
"unse",1
"cbec",1
"muns",1
"unsa",1
"nsai",1
"sais",1
"aist",1
"iste",1
"sten",1
"tenm",1
"enmu",1
"nmun",1
"muna",1
"unar",1
"nars",1
"klse",1
"se-l",1
"e-lr",1
"-lrs",1
"lrst",1
"rste",1
"ste-",1
"te-t",1
"se-t",1
"se-m",1
"e-mk",1
"-mks",1
"sen-",1
"en-m",1
"n-mr",1
"-mrs",1
"sae6",1
"ae6n",1
"e6ns",1
"6nse",1
"nses",1
"sese",1
"esen",1
"enmb",1
"nmbs",1
"mbse",1
"nmnr",1
"mnrc",1
"nrcb",1
"sep+",1
"ep+e",1
"p+e2",1
"+e2p",1
"e2pt",1
"2pte",1
"ptew",1
"tews",1
"ewsr",1
"wsrc",1
"srcb",1
"26ml",1
"6mls",1
"mlse",1
"lse7",1
"se74",1
"e74s",1
"74sp",1
"4spr",1
"sprk",1
"prks",1
"rkse",1
"kse2",1
"se29",1
"e29k",1
"29ke",1
"9ken",1
"keno",1
"enos",1
"noso",1
"osol",1
"ole1",1
"le17",1
"e173",1
"173r",1
"73r7",1
"3r7r",1
"r7rs",1
"7rse",1
"356l",1
"56le",1
"6lec",1
"lecl",1
"eclg",1
"clgs",1
"lgse",1
"gseu",1
"seuu",1
"euun",1
"uunu",1
"unut",1
"nutr",1
"utre",1
"tred",1
"redk",1
"edkr",1
"dkrs",1
"krse",1
"seps",1
"epse",1
"pses",1
"sesh",1
"eshl",1
"shle",1
"6s1m",1
"s1mt",1
"1mtc",1
"mtcs",1
"tcse",1
"cseh",1
"seht",1
"ehtl",1
"htls",1
"tlse",1
"ncut",1
"cutc",1
"utct",1
"tctr",1
"ctrs",1
"trsn",1
"rsnm",1
"snmr",1
99.8,1
9.84,1
".84.",1
"84.b",1
"4.b2",1
".b2u",1
"b2un",1
"2une",1
"unep",1
"nepl",1
"epls",1
"plse",1
"encr",1
"ncrs",1
"crse",1
"rsea",1
"seao",1
"eaol",1
"aolt",1
"olts",1
"ltse",1
"sens",1
"ensk",1
"nsks",1
"skse",1
"nsre",1
"sreo",1
"reou",1
"eous",1
"ouse",1
"usep",1
"sepu",1
"eput",1
"puts",1
"utse",1
"tsew",1
"wldu",1
"lduc",1
"ducb",1
"ucbe",1
"cbe3",1
"be3x",1
"e3xo",1
"3xor",1
"xorl",1
"dnms",1
"nmse",1
"msen",1
"ein2",1
"in2n",1
"n2nt",1
"2ntr",1
"ntrl",1
"trle",1
"rler",1
"lerc",1
"ntsr",1
"tsrc",1
"srcr",1
"rcrb",1
"crbn",1
"rbne",1
"lspn",1
"spns",1
"pnse",1
"seng",1
"engs",1
"ngsp",1
"gsps",1
"spse",1
"psem",1
"semk",1
"emks",1
"kser",1
"serb",1
"erbs",1
"rbse",1
"bsen",1
"cbea",1
"beav",1
"eavx",1
"avxl",1
"vxlr",1
"hmcr",1
"mcre",1
"cren",1
"renm",1
"mres",1
"resc",1
"escb",1
"scbe",1
"cbeÂ",1
"beÂœ",1
"eÂœm",1
"Âœmu",1
"œmun",1
"mund",1
"undd",1
"nddl",1
"ddls",1
"dlse",1
"d-w-",1
"-w-m",1
"w-m-",1
"-m-y",1
"m-yh",1
"-yhi",1
"yhil",1
"hilx",1
"ilxd",1
"lxdr",1
"xdrl",1
"drlx",1
"mndmx",1
"ndmxn",1
"dmxne",1
"mxnea",1
"xnear",1
"nears",1
"earse",1
"arse-",1
"rse-n",1
"se-n-",1
"e-n-s",1
"-n-st",1
"n-sta",1
"-sta-",1
"sta-k",1
"ta-kn",1
"a-kna",1
"-knar",1
"knare",1
"rnenp",1
"nenpi",1
"enpin",1
"npins",1
"pinse",1
"insen",1
"senpb",1
"enpbs",1
"npbse",1
"pbser",1
"bserc",1
"sercb",1
"ercbb",1
"rcbbn",1
"cbbns",1
"bbnse",1
"bnsen",1
"senpr",1
"enprs",1
"prsei",1
"seinc",1
"prsen",1
"rsenm",1
"senmr",1
"enmrs",1
"nmrse",1
"mrseo",1
"rseop",1
"seopr",1
"eopre",1
"opreh",1
"prehl",1
"rehld",1
"ehldu",1
"hldul",1
"lduld",1
"duldn",1
"uldnc",1
"cbetf",1
"betfx",1
"etfxl",1
"tfxlf",1
"fxlft",1
"xlftc",1
"lftcx",1
"ftcxl",1
"tcxlu",1
"cxlul",1
"xlulb",1
"lulbe",1
"al-pr",1
"l-prp",1
"-prpp",1
"prppi",1
"rppit",1
"ppitx",1
"pitxl",1
"itxly",1
"txlyp",1
"xlypp",1
"lyppi",1
"yppiy",1
"ppiyn",1
"piync",1
"iyncb",1
"yncbe",1
"ncbem",1
"cbemg",1
"bemgk",1
"emgks",1
"mgkse",1
"gksei",1
"ksein",1
"seinl",1
"einld",1
"inldr",1
"nldrc",1
"wldrc",1
"entsg",1
"ntsgn",1
"tsgne",1
"sgnen",1
"gnent",1
"nentx",1
"entxs",1
"ntxse",1
"txse-",1
"xse-c",1
"se-cr",1
"e-crs",1
"-crsl",1
"crsle",1
"rsle-",1
"sle-c",1
"le-ci",1
"e-cit",1
"-citr",1
"citrs",1
"itrse",1
"trsew",1
"alwlp",1
"lwlpn",1
"wlpnc",1
"lpncb",1
"pncbe",1
"cbets",1
"betsm",1
"etsme",1
"tsmel",1
"smelr",1
"melrs",1
"elrse",1
"lrser",1
"rserl",1
"serls",1
"erlse",1
"rlseu",1
"lseur",1
"seurg",1
"eurgl",1
"urgls",1
"rglsn",1
"glsne",1
"lsnea",1
"sneas",1
"neasn",1
"easnw",1
"asnwl",1
"snwld",1
"nwldn",1
"nopfs",1
"opfse",1
"pfsen",1
"fsenl",1
"senls",1
"enlsr",1
"nlsre",1
"lsren",1
"srenc",1
"rencb",1
"ncben",1
"cbent",1
"bente",1
"enteg",1
"ntegd",1
"tegdd",1
"egddm",1
"gddmn",1
"ddmns",1
"dmnse",1
"mnsen",1
"encur",1
"ncure",1
"curer",1
"urerc",1
"rercb",1
"cbrne",1
"tenet",1
"enetf",1
"netfr",1
"etfrn",1
"rnenc",1
"nencb",1
"encbr",1
"ncbrt",1
"cbrts",1
"brtse",1
"rtsen",1
"tsenc",1
"ncbei",1
"cbein",1
"beinc",1
"flrse",1
"lrsep",1
"rsepr",1
"seond",1
"eonde",1
"onde7",1
"nde71",1
"de71n",1
"e71nc",1
"71ncb",1
"1ncbe",1
"cdnse",1
"dnsep",1
"seons",1
"eonsf",1
"onsfe",1
"nsfe7",1
"sfe74",1
"fe74n",1
"e74nc",1
"74ncb",1
"4ncbe",1
"pr+se",1
"r+sep",1
"+sepr",1
"seonr",1
"eonre",1
"onred",1
"nrede",1
"rede7",1
"ede75",1
"de75n",1
"e75nc",1
"75ncb",1
"5ncbe",1
"tfnrc",1
"fnrcm",1
"nrcms",1
"cmsps",1
"mspso",1
"spsol",1
"psole",1
"solem",1
"olemr",1
"lemrd",1
"emrde",1
"mrdel",1
"rdelu",1
"delus",1
"eluse",1
"luset",1
"useto",1
"setot",1
"etote",1
"totew",1
"otewl",1
"tewld",1
"wldni",1
"ldnin",1
"dninl",1
"ninld",1
"inldn",1
"nldnc",1
"194wl",1
"94wld",1
"4wld'",1
"wld's",1
"ld'sn",1
"d'snc",1
"sncb",1
"sncbe",1
"cbetr",1
"betrf",1
"etrfx",1
"trfxl",1
"alpnt",1
"lpnte",1
"pnteg",1
"ntegl",1
"tegls",1
"eglse",1
"glse-",1
"lse-s",1
"se-se",1
"e-see",1
"-seer",1
"seer+",1
"eer+e",1
"vlsem",1
"lsemt",1
"semts",1
"emtse",1
"mtse-",1
"tse-c",1
"se-ct",1
"e-cts",1
"-ctse",1
"ctse-",1
"tse-w",1
"se-ws",1
"e-wse",1
"-wse-",1
"wse-f",1
"se-fr",1
"e-frt",1
"-frts",1
"frtse",1
"pntrt",1
"ntrtr",1
"trtrs",1
"rtrse",1
"trseo",1
"seonp",1
"eonpr",1
"onprs",1
"prsew",1
"nwldx",1
"wldxl",1
"ldxlr",1
"dxlrc",1
"xlrcm",1
"lrcms",1
"cmspn",1
"mspne",1
"spnew",1
"pnewl",1
"newld",1
"ewlds",1
"wldst",1
"ldsts",1
"dstsm",1
"stsme",1
"tsmex",1
"smexl",1
"dvlmt",1
"vlmt6",1
"lmt6t",1
"mt6tu",1
"t6tun",1
"6tuns",1
"tunse",1
"unsen",1
"ncbec",1
"munsa",1
"unsai",1
"nsais",1
"saist",1
"aiste",1
"isten",1
"stenm",1
"tenmu",1
"enmun",1
"nmuna",1
"munar",1
"unars",1
"narse",1
"klse-",1
"lse-l",1
"se-lr",1
"e-lrs",1
"-lrst",1
"lrste",1
"rste-",1
"ste-t",1
"te-tr",1
"rse-t",1
"se-tr",1
"rse-m",1
"se-mk",1
"e-mks",1
"-mkse",1
"mksen",1
"ksen-",1
"sen-m",1
"en-mr",1
"n-mrs",1
"-mrse",1
"sae6n",1
"ae6ns",1
"e6nse",1
"6nses",1
"nsese",1
"sesen",1
"esenm",1
"senmb",1
"enmbs",1
"nmbse",1
"nmnrc",1
"mnrcb",1
"nrcbr",1
"nsep+",1
"sep+e",1
"ep+e2",1
"p+e2p",1
"+e2pt",1
"e2pte",1
"2ptew",1
"ptews",1
"tewsr",1
"ewsrc",1
"wsrcb",1
"srcbr",1
"26mls",1
"6mlse",1
"mlse7",1
"lse74",1
"se74s",1
"e74sp",1
"74spr",1
"4sprk",1
"sprks",1
"prkse",1
"rkse2",1
"kse29",1
"se29k",1
"e29ke",1
"29ken",1
"9keno",1
"kenos",1
"enoso",1
"nosol",1
"osole",1
"sole1",1
"ole17",1
"le173",1
"e173r",1
"173r7",1
"73r7r",1
"3r7rs",1
"r7rse",1
"356le",1
"56lec",1
"6lecl",1
"leclg",1
"eclgs",1
"clgse",1
"lgseu",1
"gseuu",1
"seuun",1
"euunu",1
"uunut",1
"unutr",1
"nutre",1
"utred",1
"tredk",1
"redkr",1
"edkrs",1
"dkrse",1
"krsep",1
"rseps",1
"sepse",1
"epses",1
"psesh",1
"seshl",1
"eshle",1
"6s1mt",1
"s1mtc",1
"1mtcs",1
"mtcse",1
"tcseh",1
"cseht",1
"sehtl",1
"ehtls",1
"htlse",1
"tlsen",1
"encut",1
"ncutc",1
"cutct",1
"utctr",1
"tctrs",1
"ctrsn",1
"trsnm",1
"rsnmr",1
"snmre",1
99.84,1
"9.84.",1
".84.b",1
"84.b2",1
"4.b2u",1
".b2un",1
"b2une",1
"2unep",1
"unepl",1
"nepls",1
"eplse",1
"plsen",1
"sencr",1
"encrs",1
"ncrse",1
"crsea",1
"rseao",1
"seaol",1
"eaolt",1
"aolts",1
"oltse",1
"ltsen",1
"tsens",1
"sensk",1
"ensks",1
"nskse",1
"sksen",1
"ksenr",1
"nsreo",1
"sreou",1
"reous",1
"eouse",1
"ousep",1
"usepu",1
"seput",1
"eputs",1
"putse",1
"utsew",1
"tsewl",1
"ewldu",1
"wlduc",1
"lducb",1
"ducbe",1
"ucbe3",1
"cbe3x",1
"be3xo",1
"e3xor",1
"3xorl",1
"dnmse",1
"nmsen",1
"msenr",1
"nrsei",1
"sein2",1
"ein2n",1
"in2nt",1
"n2ntr",1
"2ntrl",1
"ntrle",1
"trler",1
"rlerc",1
"lercb",1
"entsr",1
"ntsrc",1
"tsrcr",1
"srcrb",1
"rcrbn",1
"crbne",1
"lspns",1
"spnse",1
"pnsen",1
"nseng",1
"sengs",1
"engsp",1
"ngsps",1
"gspse",1
"spsem",1
"psemk",1
"semks",1
"emkse",1
"mkser",1
"kserb",1
"serbs",1
"erbse",1
"rbsen",1
"bsenc",1
"ncbea",1
"cbeav",1
"beavx",1
"eavxl",1
"avxlr",1
"hmcre",1
"mcren",1
"crenm",1
"renmr",1
"enmre",1
"nmres",1
"mresc",1
"rescb",1
"escbe",1
"scbeÂ",1
"cbeÂœ",1
"beÂœm",1
"eÂœmu",1
"Âœmun",1
"œmund",1
"mundd",1
"unddl",1
"nddls",1
"ddlse",1
"d-w-m",1
"-w-m-",1
"w-m-y",1
"-m-yh",1
"m-yhi",1
"-yhil",1
"yhilx",1
"hilxd",1
"ilxdr",1
"lxdrl",1
"xdrlx",1
"mndmxn",1
"ndmxne",1
"dmxnea",1
"mxnear",1
"xnears",1
"nearse",1
"earse-",1
"arse-n",1
"rse-n-",1
"se-n-s",1
"e-n-st",1
"-n-sta",1
"n-sta-",1
"-sta-k",1
"sta-kn",1
"ta-kna",1
"a-knar",1
"-knare",1
"frnenp",1
"rnenpi",1
"nenpin",1
"enpins",1
"npinse",1
"pinsen",1
"insenp",1
"nsenpb",1
"senpbs",1
"enpbse",1
"npbser",1
"pbserc",1
"bsercb",1
"sercbb",1
"ercbbn",1
"rcbbns",1
"cbbnse",1
"bbnsen",1
"bnsenp",1
"nsenpr",1
"senprs",1
"enprse",1
"nprsei",1
"prsein",1
"rseinc",1
"prsenm",1
"rsenmr",1
"senmrs",1
"enmrse",1
"nmrseo",1
"mrseop",1
"rseopr",1
"seopre",1
"eopreh",1
"oprehl",1
"prehld",1
"rehldu",1
"ehldul",1
"hlduld",1
"lduldn",1
"duldnc",1
"uldncb",1
"dncbet",1
"ncbetf",1
"cbetfx",1
"betfxl",1
"etfxlf",1
"tfxlft",1
"fxlftc",1
"xlftcx",1
"lftcxl",1
"ftcxlu",1
"tcxlul",1
"cxlulb",1
"xlulbe",1
"al-prp",1
"l-prpp",1
"-prppi",1
"prppit",1
"rppitx",1
"ppitxl",1
"pitxly",1
"itxlyp",1
"txlypp",1
"xlyppi",1
"lyppiy",1
"yppiyn",1
"ppiync",1
"piyncb",1
"iyncbe",1
"yncbem",1
"ncbemg",1
"cbemgk",1
"bemgks",1
"emgkse",1
"mgksei",1
"gksein",1
"kseinl",1
"seinld",1
"einldr",1
"inldrc",1
"nldrcb",1
"rnsepr",1
"wldrcb",1
"sentsg",1
"entsgn",1
"ntsgne",1
"tsgnen",1
"sgnent",1
"gnentx",1
"nentxs",1
"entxse",1
"ntxse-",1
"txse-c",1
"xse-cr",1
"se-crs",1
"e-crsl",1
"-crsle",1
"crsle-",1
"rsle-c",1
"sle-ci",1
"le-cit",1
"e-citr",1
"-citrs",1
"citrse",1
"itrsew",1
"trsewl",1
"alwlpn",1
"lwlpnc",1
"wlpncb",1
"lpncbe",1
"pncbet",1
"ncbets",1
"cbetsm",1
"betsme",1
"etsmel",1
"tsmelr",1
"smelrs",1
"melrse",1
"elrser",1
"lrserl",1
"rserls",1
"serlse",1
"erlseu",1
"rlseur",1
"lseurg",1
"seurgl",1
"eurgls",1
"urglsn",1
"rglsne",1
"glsnea",1
"lsneas",1
"sneasn",1
"neasnw",1
"easnwl",1
"asnwld",1
"snwldn",1
"nwldnc",1
"nopfse",1
"opfsen",1
"pfsenl",1
"fsenls",1
"senlsr",1
"enlsre",1
"nlsren",1
"lsrenc",1
"srencb",1
"rencbe",1
"encben",1
"ncbent",1
"cbente",1
"benteg",1
"entegd",1
"ntegdd",1
"tegddm",1
"egddmn",1
"gddmns",1
"ddmnse",1
"dmnsen",1
"mnsenc",1
"nsencu",1
"sencur",1
"encure",1
"ncurer",1
"curerc",1
"urercb",1
"rercbr",1
"rcbrne",1
"tenetf",1
"enetfr",1
"netfrn",1
"etfrne",1
"frnenc",1
"rnencb",1
"nencbr",1
"encbrt",1
"ncbrts",1
"cbrtse",1
"brtsen",1
"rtsenc",1
"tsencb",1
"encbei",1
"ncbein",1
"cbeinc",1
"flrsep",1
"lrsepr",1
"rseprs",1
"rseond",1
"seonde",1
"eonde7",1
"onde71",1
"nde71n",1
"de71nc",1
"e71ncb",1
"71ncbe",1
"cdnsep",1
"dnsepr",1
"rseons",1
"seonsf",1
"eonsfe",1
"onsfe7",1
"nsfe74",1
"sfe74n",1
"fe74nc",1
"e74ncb",1
"74ncbe",1
"pr+sep",1
"r+sepr",1
"+seprs",1
"rseonr",1
"seonre",1
"eonred",1
"onrede",1
"nrede7",1
"rede75",1
"ede75n",1
"de75nc",1
"e75ncb",1
"75ncbe",1
"tfnrcm",1
"fnrcms",1
"nrcmsp",1
"rcmsps",1
"cmspso",1
"mspsol",1
"spsole",1
"psolem",1
"solemr",1
"olemrd",1
"lemrde",1
"emrdel",1
"mrdelu",1
"rdelus",1
"deluse",1
"eluset",1
"luseto",1
"usetot",1
"setote",1
"etotew",1
"totewl",1
"otewld",1
"tewldn",1
"ewldni",1
"wldnin",1
"ldninl",1
"dninld",1
"ninldn",1
"inldnc",1
"nldncb",1
"194wld",1
"94wld'",1
"4wld's",1
"wld'sn",1
"ld'snc",1
"d'sncb",1
"sncbe",1
"sncbet",1
"ncbetr",1
"cbetrf",1
"betrfx",1
"etrfxl",1
"alpnte",1
"lpnteg",1
"pntegl",1
"ntegls",1
"teglse",1
"eglse-",1
"glse-s",1
"lse-se",1
"se-see",1
"e-seer",1
"-seer+",1
"seer+e",1
"vlsemt",1
"lsemts",1
"semtse",1
"emtse-",1
"mtse-c",1
"tse-ct",1
"se-cts",1
"e-ctse",1
"-ctse-",1
"ctse-w",1
"tse-ws",1
"se-wse",1
"e-wse-",1
"-wse-f",1
"wse-fr",1
"se-frt",1
"e-frts",1
"-frtse",1
"pntrtr",1
"ntrtrs",1
"trtrse",1
"rtrseo",1
"trseon",1
"rseonp",1
"seonpr",1
"eonprs",1
"onprse",1
"nprsew",1
"prsewl",1
"nwldxl",1
"wldxlr",1
"ldxlrc",1
"dxlrcm",1
"xlrcms",1
"lrcmsp",1
"rcmspn",1
"cmspne",1
"mspnew",1
"spnewl",1
"pnewld",1
"newlds",1
"ewldst",1
"wldsts",1
"ldstsm",1
"dstsme",1
"stsmex",1
"tsmexl",1
"dvlmt6",1
"vlmt6t",1
"lmt6tu",1
"mt6tun",1
"t6tuns",1
"6tunse",1
"tunsen",1
"unsenc",1
"nsencb",1
"encbec",1
"munsai",1
"unsais",1
"nsaist",1
"saiste",1
"aisten",1
"istenm",1
"stenmu",1
"tenmun",1
"enmuna",1
"nmunar",1
"munars",1
"unarse",1
"klse-l",1
"lse-lr",1
"se-lrs",1
"e-lrst",1
"-lrste",1
"lrste-",1
"rste-t",1
"ste-tr",1
"te-trs",1
"e-trse",1
"-trse-",1
"trse-t",1
"rse-tr",1
"se-trs",1
"trse-m",1
"rse-mk",1
"se-mks",1
"e-mkse",1
"-mksen",1
"mksen-",1
"ksen-m",1
"sen-mr",1
"en-mrs",1
"n-mrse",1
"sae6ns",1
"ae6nse",1
"e6nses",1
"6nsese",1
"nsesen",1
"sesenm",1
"esenmb",1
"senmbs",1
"enmbse",1
"nmnrcb",1
"mnrcbr",1
"nrcbrn",1
"rnsep+",1
"nsep+e",1
"sep+e2",1
"ep+e2p",1
"p+e2pt",1
"+e2pte",1
"e2ptew",1
"2ptews",1
"ptewsr",1
"tewsrc",1
"ewsrcb",1
"wsrcbr",1
"srcbrn",1
"26mlse",1
"6mlse7",1
"mlse74",1
"lse74s",1
"se74sp",1
"e74spr",1
"74sprk",1
"4sprks",1
"sprkse",1
"prkse2",1
"rkse29",1
"kse29k",1
"se29ke",1
"e29ken",1
"29keno",1
"9kenos",1
"kenoso",1
"enosol",1
"nosole",1
"osole1",1
"sole17",1
"ole173",1
"le173r",1
"e173r7",1
"173r7r",1
"73r7rs",1
"3r7rse",1
"356lec",1
"56lecl",1
"6leclg",1
"leclgs",1
"eclgse",1
"clgseu",1
"lgseuu",1
"gseuun",1
"seuunu",1
"euunut",1
"uunutr",1
"unutre",1
"nutred",1
"utredk",1
"tredkr",1
"redkrs",1
"edkrse",1
"dkrsep",1
"krseps",1
"rsepse",1
"sepses",1
"epsesh",1
"pseshl",1
"seshle",1
"6s1mtc",1
"s1mtcs",1
"1mtcse",1
"mtcseh",1
"tcseht",1
"csehtl",1
"sehtls",1
"ehtlse",1
"htlsen",1
"tlsenc",1
"lsencu",1
"sencut",1
"encutc",1
"ncutct",1
"cutctr",1
"utctrs",1
"tctrsn",1
"ctrsnm",1
"trsnmr",1
"rsnmre",1
"99.84.",1
"9.84.b",1
".84.b2",1
"84.b2u",1
"4.b2un",1
".b2une",1
"b2unep",1
"2unepl",1
"unepls",1
"neplse",1
"eplsen",1
"plsenc",1
"lsencr",1
"sencrs",1
"encrse",1
"ncrsea",1
"crseao",1
"rseaol",1
"seaolt",1
"eaolts",1
"aoltse",1
"oltsen",1
"ltsens",1
"tsensk",1
"sensks",1
"enskse",1
"nsksen",1
"sksenr",1
"ksenrs",1
"nsreou",1
"sreous",1
"reouse",1
"eousep",1
"ousepu",1
"useput",1
"seputs",1
"eputse",1
"putsew",1
"utsewl",1
"tsewld",1
"sewldu",1
"ewlduc",1
"wlducb",1
"lducbe",1
"ducbe3",1
"ucbe3x",1
"cbe3xo",1
"be3xor",1
"e3xorl",1
"dnmsen",1
"nmsenr",1
"msenrs",1
"enrsei",1
"nrsein",1
"rsein2",1
"sein2n",1
"ein2nt",1
"in2ntr",1
"n2ntrl",1
"2ntrle",1
"ntrler",1
"trlerc",1
"rlercb",1
"lercbr",1
"sentsr",1
"entsrc",1
"ntsrcr",1
"tsrcrb",1
"srcrbn",1
"rcrbne",1
"lspnse",1
"spnsen",1
"pnseng",1
"nsengs",1
"sengsp",1
"engsps",1
"ngspse",1
"gspsem",1
"spsemk",1
"psemks",1
"semkse",1
"emkser",1
"mkserb",1
"kserbs",1
"serbse",1
"erbsen",1
"rbsenc",1
"bsencb",1
"encbea",1
"ncbeav",1
"cbeavx",1
"beavxl",1
"eavxlr",1
"hmcren",1
"mcrenm",1
"crenmr",1
"renmre",1
"enmres",1
"nmresc",1
"mrescb",1
"rescbe",1
"escbeÂ",1
"scbeÂœ",1
"cbeÂœm",1
"beÂœmu",1
"eÂœmun",1
"Âœmund",1
"œmundd",1
"munddl",1
"unddls",1
"nddlse",1
"d-w-m-",1
"-w-m-y",1
"w-m-yh",1
"-m-yhi",1
"m-yhil",1
"-yhilx",1
"yhilxd",1
"hilxdr",1
"ilxdrl",1
"lxdrlx",1
"mndmxne",1
"ndmxnea",1
"dmxnear",1
"mxnears",1
"xnearse",1
"nearse-",1
"earse-n",1
"arse-n-",1
"rse-n-s",1
"se-n-st",1
"e-n-sta",1
"-n-sta-",1
"n-sta-k",1
"-sta-kn",1
"sta-kna",1
"ta-knar",1
"a-knare",1
"tfrnenp",1
"frnenpi",1
"rnenpin",1
"nenpins",1
"enpinse",1
"npinsen",1
"pinsenp",1
"insenpb",1
"nsenpbs",1
"senpbse",1
"enpbser",1
"npbserc",1
"pbsercb",1
"bsercbb",1
"sercbbn",1
"ercbbns",1
"rcbbnse",1
"cbbnsen",1
"bbnsenp",1
"bnsenpr",1
"nsenprs",1
"senprse",1
"enprsei",1
"nprsein",1
"prseinc",1
"prsenmr",1
"rsenmrs",1
"senmrse",1
"enmrseo",1
"nmrseop",1
"mrseopr",1
"rseopre",1
"seopreh",1
"eoprehl",1
"oprehld",1
"prehldu",1
"rehldul",1
"ehlduld",1
"hlduldn",1
"lduldnc",1
"duldncb",1
"uldncbe",1
"ldncbet",1
"dncbetf",1
"ncbetfx",1
"cbetfxl",1
"betfxlf",1
"etfxlft",1
"tfxlftc",1
"fxlftcx",1
"xlftcxl",1
"lftcxlu",1
"ftcxlul",1
"tcxlulb",1
"cxlulbe",1
"al-prpp",1
"l-prppi",1
"-prppit",1
"prppitx",1
"rppitxl",1
"ppitxly",1
"pitxlyp",1
"itxlypp",1
"txlyppi",1
"xlyppiy",1
"lyppiyn",1
"yppiync",1
"ppiyncb",1
"piyncbe",1
"iyncbem",1
"yncbemg",1
"ncbemgk",1
"cbemgks",1
"bemgkse",1
"emgksei",1
"mgksein",1
"gkseinl",1
"kseinld",1
"seinldr",1
"einldrc",1
"inldrcb",1
"nldrcbr",1
"brnsepr",1
"rnseprs",1
"wldrcbr",1
"nsentsg",1
"sentsgn",1
"entsgne",1
"ntsgnen",1
"tsgnent",1
"sgnentx",1
"gnentxs",1
"nentxse",1
"entxse-",1
"ntxse-c",1
"txse-cr",1
"xse-crs",1
"se-crsl",1
"e-crsle",1
"-crsle-",1
"crsle-c",1
"rsle-ci",1
"sle-cit",1
"le-citr",1
"e-citrs",1
"-citrse",1
"citrsew",1
"itrsewl",1
"trsewld",1
"alwlpnc",1
"lwlpncb",1
"wlpncbe",1
"lpncbet",1
"pncbets",1
"ncbetsm",1
"cbetsme",1
"betsmel",1
"etsmelr",1
"tsmelrs",1
"smelrse",1
"melrser",1
"elrserl",1
"lrserls",1
"rserlse",1
"serlseu",1
"erlseur",1
"rlseurg",1
"lseurgl",1
"seurgls",1
"eurglsn",1
"urglsne",1
"rglsnea",1
"glsneas",1
"lsneasn",1
"sneasnw",1
"neasnwl",1
"easnwld",1
"asnwldn",1
"snwldnc",1
"nwldncb",1
"nopfsen",1
"opfsenl",1
"pfsenls",1
"fsenlsr",1
"senlsre",1
"enlsren",1
"nlsrenc",1
"lsrencb",1
"srencbe",1
"rencben",1
"encbent",1
"ncbente",1
"cbenteg",1
"bentegd",1
"entegdd",1
"ntegddm",1
"tegddmn",1
"egddmns",1
"gddmnse",1
"ddmnsen",1
"dmnsenc",1
"mnsencu",1
"nsencur",1
"sencure",1
"encurer",1
"ncurerc",1
"curercb",1
"urercbr",1
"rercbrn",1
"ercbrne",1
"tenetfr",1
"enetfrn",1
"netfrne",1
"etfrnen",1
"tfrnenc",1
"frnencb",1
"rnencbr",1
"nencbrt",1
"encbrts",1
"ncbrtse",1
"cbrtsen",1
"brtsenc",1
"rtsencb",1
"tsencbe",1
"sencbei",1
"encbein",1
"ncbeinc",1
"flrsepr",1
"lrseprs",1
"rseprse",1
"prseond",1
"rseonde",1
"seonde7",1
"eonde71",1
"onde71n",1
"nde71nc",1
"de71ncb",1
"e71ncbe",1
"cdnsepr",1
"dnseprs",1
"prseons",1
"rseonsf",1
"seonsfe",1
"eonsfe7",1
"onsfe74",1
"nsfe74n",1
"sfe74nc",1
"fe74ncb",1
"e74ncbe",1
"pr+sepr",1
"r+seprs",1
"+seprse",1
"prseonr",1
"rseonre",1
"seonred",1
"eonrede",1
"onrede7",1
"nrede75",1
"rede75n",1
"ede75nc",1
"de75ncb",1
"e75ncbe",1
"tfnrcms",1
"fnrcmsp",1
"nrcmsps",1
"rcmspso",1
"cmspsol",1
"mspsole",1
"spsolem",1
"psolemr",1
"solemrd",1
"olemrde",1
"lemrdel",1
"emrdelu",1
"mrdelus",1
"rdeluse",1
"deluset",1
"eluseto",1
"lusetot",1
"usetote",1
"setotew",1
"etotewl",1
"totewld",1
"otewldn",1
"tewldni",1
"ewldnin",1
"wldninl",1
"ldninld",1
"dninldn",1
"ninldnc",1
"inldncb",1
"nldncbe",1
"194wld'",1
"94wld's",1
"4wld'sn",1
"wld'snc",1
"ld'sncb",1
"d'sncbe",1
"sncbet",1
"sncbetr",1
"ncbetrf",1
"cbetrfx",1
"betrfxl",1
"alpnteg",1
"lpntegl",1
"pntegls",1
"nteglse",1
"teglse-",1
"eglse-s",1
"glse-se",1
"lse-see",1
"se-seer",1
"e-seer+",1
"-seer+e",1
"vlsemts",1
"lsemtse",1
"semtse-",1
"emtse-c",1
"mtse-ct",1
"tse-cts",1
"se-ctse",1
"e-ctse-",1
"-ctse-w",1
"ctse-ws",1
"tse-wse",1
"se-wse-",1
"e-wse-f",1
"-wse-fr",1
"wse-frt",1
"se-frts",1
"e-frtse",1
"pntrtrs",1
"ntrtrse",1
"trtrseo",1
"rtrseon",1
"trseonp",1
"rseonpr",1
"seonprs",1
"eonprse",1
"onprsew",1
"nprsewl",1
"prsewld",1
"nwldxlr",1
"wldxlrc",1
"ldxlrcm",1
"dxlrcms",1
"xlrcmsp",1
"lrcmspn",1
"rcmspne",1
"cmspnew",1
"mspnewl",1
"spnewld",1
"pnewlds",1
"newldst",1
"ewldsts",1
"wldstsm",1
"ldstsme",1
"dstsmex",1
"stsmexl",1
"dvlmt6t",1
"vlmt6tu",1
"lmt6tun",1
"mt6tuns",1
"t6tunse",1
"6tunsen",1
"tunsenc",1
"unsencb",1
"nsencbe",1
"sencbec",1
"munsais",1
"unsaist",1
"nsaiste",1
"saisten",1
"aistenm",1
"istenmu",1
"stenmun",1
"tenmuna",1
"enmunar",1
"nmunars",1
"munarse",1
"klse-lr",1
"lse-lrs",1
"se-lrst",1
"e-lrste",1
"-lrste-",1
"lrste-t",1
"rste-tr",1
"ste-trs",1
"te-trse",1
"e-trse-",1
"-trse-t",1
"trse-tr",1
"rse-trs",1
"se-trse",1
"-trse-m",1
"trse-mk",1
"rse-mks",1
"se-mkse",1
"e-mksen",1
"-mksen-",1
"mksen-m",1
"ksen-mr",1
"sen-mrs",1
"en-mrse",1
"sae6nse",1
"ae6nses",1
"e6nsese",1
"6nsesen",1
"nsesenm",1
"sesenmb",1
"esenmbs",1
"senmbse",1
"nmnrcbr",1
"mnrcbrn",1
"nrcbrns",1
"brnsep+",1
"rnsep+e",1
"nsep+e2",1
"sep+e2p",1
"ep+e2pt",1
"p+e2pte",1
"+e2ptew",1
"e2ptews",1
"2ptewsr",1
"ptewsrc",1
"tewsrcb",1
"ewsrcbr",1
"wsrcbrn",1
"srcbrns",1
"26mlse7",1
"6mlse74",1
"mlse74s",1
"lse74sp",1
"se74spr",1
"e74sprk",1
"74sprks",1
"4sprkse",1
"sprkse2",1
"prkse29",1
"rkse29k",1
"kse29ke",1
"se29ken",1
"e29keno",1
"29kenos",1
"9kenoso",1
"kenosol",1
"enosole",1
"nosole1",1
"osole17",1
"sole173",1
"ole173r",1
"le173r7",1
"e173r7r",1
"173r7rs",1
"73r7rse",1
"356lecl",1
"56leclg",1
"6leclgs",1
"leclgse",1
"eclgseu",1
"clgseuu",1
"lgseuun",1
"gseuunu",1
"seuunut",1
"euunutr",1
"uunutre",1
"unutred",1
"nutredk",1
"utredkr",1
"tredkrs",1
"redkrse",1
"edkrsep",1
"dkrseps",1
"krsepse",1
"rsepses",1
"sepsesh",1
"epseshl",1
"pseshle",1
"6s1mtcs",1
"s1mtcse",1
"1mtcseh",1
"mtcseht",1
"tcsehtl",1
"csehtls",1
"sehtlse",1
"ehtlsen",1
"htlsenc",1
"tlsencu",1
"lsencut",1
"sencutc",1
"encutct",1
"ncutctr",1
"cutctrs",1
"utctrsn",1
"tctrsnm",1
"ctrsnmr",1
"trsnmre",1
"99.84.b",1
"9.84.b2",1
".84.b2u",1
"84.b2un",1
"4.b2une",1
".b2unep",1
"b2unepl",1
"2unepls",1
"uneplse",1
"neplsen",1
"eplsenc",1
"plsencr",1
"lsencrs",1
"sencrse",1
"encrsea",1
"ncrseao",1
"crseaol",1
"rseaolt",1
"seaolts",1
"eaoltse",1
"aoltsen",1
"oltsens",1
"ltsensk",1
"tsensks",1
"senskse",1
"ensksen",1
"nsksenr",1
"sksenrs",1
"ksenrse",1
"nsreous",1
"sreouse",1
"reousep",1
"eousepu",1
"ouseput",1
"useputs",1
"seputse",1
"eputsew",1
"putsewl",1
"utsewld",1
"tsewldu",1
"sewlduc",1
"ewlducb",1
"wlducbe",1
"lducbe3",1
"ducbe3x",1
"ucbe3xo",1
"cbe3xor",1
"be3xorl",1
"dnmsenr",1
"nmsenrs",1
"msenrse",1
"senrsei",1
"enrsein",1
"nrsein2",1
"rsein2n",1
"sein2nt",1
"ein2ntr",1
"in2ntrl",1
"n2ntrle",1
"2ntrler",1
"ntrlerc",1
"trlercb",1
"rlercbr",1
"lercbrn",1
"ercbrns",1
"nsentsr",1
"sentsrc",1
"entsrcr",1
"ntsrcrb",1
"tsrcrbn",1
"srcrbne",1
"lspnsen",1
"spnseng",1
"pnsengs",1
"nsengsp",1
"sengsps",1
"engspse",1
"ngspsem",1
"gspsemk",1
"spsemks",1
"psemkse",1
"semkser",1
"emkserb",1
"mkserbs",1
"kserbse",1
"serbsen",1
"erbsenc",1
"rbsencb",1
"bsencbe",1
"sencbea",1
"encbeav",1
"ncbeavx",1
"cbeavxl",1
"beavxlr",1
"hmcrenm",1
"mcrenmr",1
"crenmre",1
"renmres",1
"enmresc",1
"nmrescb",1
"mrescbe",1
"rescbeÂ",1
"escbeÂœ",1
"scbeÂœm",1
"cbeÂœmu",1
"beÂœmun",1
"eÂœmund",1
"Âœmundd",1
"œmunddl",1
"munddls",1
"unddlse",1
"d-w-m-y",1
"-w-m-yh",1
"w-m-yhi",1
"-m-yhil",1
"m-yhilx",1
"-yhilxd",1
"yhilxdr",1
"hilxdrl",1
"ilxdrlx",1
"mndmxnea",1
"ndmxnear",1
"dmxnears",1
"mxnearse",1
"xnearse-",1
"nearse-n",1
"earse-n-",1
"arse-n-s",1
"rse-n-st",1
"se-n-sta",1
"e-n-sta-",1
"-n-sta-k",1
"n-sta-kn",1
"-sta-kna",1
"sta-knar",1
"ta-knare",1
"tfrnenpi",1
"frnenpin",1
"rnenpins",1
"nenpinse",1
"enpinsen",1
"npinsenp",1
"pinsenpb",1
"insenpbs",1
"nsenpbse",1
"senpbser",1
"enpbserc",1
"npbsercb",1
"pbsercbb",1
"bsercbbn",1
"sercbbns",1
"ercbbnse",1
"rcbbnsen",1
"cbbnsenp",1
"bbnsenpr",1
"bnsenprs",1
"nsenprse",1
"senprsei",1
"enprsein",1
"nprseinc",1
"prsenmrs",1
"rsenmrse",1
"senmrseo",1
"enmrseop",1
"nmrseopr",1
"mrseopre",1
"rseopreh",1
"seoprehl",1
"eoprehld",1
"oprehldu",1
"prehldul",1
"rehlduld",1
"ehlduldn",1
"hlduldnc",1
"lduldncb",1
"duldncbe",1
"uldncbet",1
"ldncbetf",1
"dncbetfx",1
"ncbetfxl",1
"cbetfxlf",1
"betfxlft",1
"etfxlftc",1
"tfxlftcx",1
"fxlftcxl",1
"xlftcxlu",1
"lftcxlul",1
"ftcxlulb",1
"tcxlulbe",1
"al-prppi",1
"l-prppit",1
"-prppitx",1
"prppitxl",1
"rppitxly",1
"ppitxlyp",1
"pitxlypp",1
"itxlyppi",1
"txlyppiy",1
"xlyppiyn",1
"lyppiync",1
"yppiyncb",1
"ppiyncbe",1
"piyncbem",1
"iyncbemg",1
"yncbemgk",1
"ncbemgks",1
"cbemgkse",1
"bemgksei",1
"emgksein",1
"mgkseinl",1
"gkseinld",1
"kseinldr",1
"seinldrc",1
"einldrcb",1
"inldrcbr",1
"nldrcbrn",1
"cbrnsepr",1
"brnseprs",1
"rnseprse",1
"wldrcbrn",1
"rnsentsg",1
"nsentsgn",1
"sentsgne",1
"entsgnen",1
"ntsgnent",1
"tsgnentx",1
"sgnentxs",1
"gnentxse",1
"nentxse-",1
"entxse-c",1
"ntxse-cr",1
"txse-crs",1
"xse-crsl",1
"se-crsle",1
"e-crsle-",1
"-crsle-c",1
"crsle-ci",1
"rsle-cit",1
"sle-citr",1
"le-citrs",1
"e-citrse",1
"-citrsew",1
"citrsewl",1
"itrsewld",1
"trsewldn",1
"alwlpncb",1
"lwlpncbe",1
"wlpncbet",1
"lpncbets",1
"pncbetsm",1
"ncbetsme",1
"cbetsmel",1
"betsmelr",1
"etsmelrs",1
"tsmelrse",1
"smelrser",1
"melrserl",1
"elrserls",1
"lrserlse",1
"rserlseu",1
"serlseur",1
"erlseurg",1
"rlseurgl",1
"lseurgls",1
"seurglsn",1
"eurglsne",1
"urglsnea",1
"rglsneas",1
"glsneasn",1
"lsneasnw",1
"sneasnwl",1
"neasnwld",1
"easnwldn",1
"asnwldnc",1
"snwldncb",1
"nwldncbe",1
"nopfsenl",1
"opfsenls",1
"pfsenlsr",1
"fsenlsre",1
"senlsren",1
"enlsrenc",1
"nlsrencb",1
"lsrencbe",1
"srencben",1
"rencbent",1
"encbente",1
"ncbenteg",1
"cbentegd",1
"bentegdd",1
"entegddm",1
"ntegddmn",1
"tegddmns",1
"egddmnse",1
"gddmnsen",1
"ddmnsenc",1
"dmnsencu",1
"mnsencur",1
"nsencure",1
"sencurer",1
"encurerc",1
"ncurercb",1
"curercbr",1
"urercbrn",1
"rercbrne",1
"tenetfrn",1
"enetfrne",1
"netfrnen",1
"etfrnenc",1
"tfrnencb",1
"frnencbr",1
"rnencbrt",1
"nencbrts",1
"encbrtse",1
"ncbrtsen",1
"cbrtsenc",1
"brtsencb",1
"rtsencbe",1
"tsencbei",1
"sencbein",1
"encbeinc",1
"flrseprs",1
"lrseprse",1
"rseprseo",1
"eprseond",1
"prseonde",1
"rseonde7",1
"seonde71",1
"eonde71n",1
"onde71nc",1
"nde71ncb",1
"de71ncbe",1
"cdnseprs",1
"dnseprse",1
"nseprseo",1
"eprseons",1
"prseonsf",1
"rseonsfe",1
"seonsfe7",1
"eonsfe74",1
"onsfe74n",1
"nsfe74nc",1
"sfe74ncb",1
"fe74ncbe",1
"pr+seprs",1
"r+seprse",1
"+seprseo",1
"eprseonr",1
"prseonre",1
"rseonred",1
"seonrede",1
"eonrede7",1
"onrede75",1
"nrede75n",1
"rede75nc",1
"ede75ncb",1
"de75ncbe",1
"tfnrcmsp",1
"fnrcmsps",1
"nrcmspso",1
"rcmspsol",1
"cmspsole",1
"mspsolem",1
"spsolemr",1
"psolemrd",1
"solemrde",1
"olemrdel",1
"lemrdelu",1
"emrdelus",1
"mrdeluse",1
"rdeluset",1
"deluseto",1
"elusetot",1
"lusetote",1
"usetotew",1
"setotewl",1
"etotewld",1
"totewldn",1
"otewldni",1
"tewldnin",1
"ewldninl",1
"wldninld",1
"ldninldn",1
"dninldnc",1
"ninldncb",1
"inldncbe",1
"194wld's",1
"94wld'sn",1
"4wld'snc",1
"wld'sncb",1
"ld'sncbe",1
"d'sncbet",1
"sncbetr",1
"sncbetrf",1
"ncbetrfx",1
"cbetrfxl",1
"alpntegl",1
"lpntegls",1
"pnteglse",1
"nteglse-",1
"teglse-s",1
"eglse-se",1
"glse-see",1
"lse-seer",1
"se-seer+",1
"e-seer+e",1
"vlsemtse",1
"lsemtse-",1
"semtse-c",1
"emtse-ct",1
"mtse-cts",1
"tse-ctse",1
"se-ctse-",1
"e-ctse-w",1
"-ctse-ws",1
"ctse-wse",1
"tse-wse-",1
"se-wse-f",1
"e-wse-fr",1
"-wse-frt",1
"wse-frts",1
"se-frtse",1
"pntrtrse",1
"ntrtrseo",1
"trtrseon",1
"rtrseonp",1
"trseonpr",1
"rseonprs",1
"seonprse",1
"eonprsew",1
"onprsewl",1
"nprsewld",1
"prsewldn",1
"nwldxlrc",1
"wldxlrcm",1
"ldxlrcms",1
"dxlrcmsp",1
"xlrcmspn",1
"lrcmspne",1
"rcmspnew",1
"cmspnewl",1
"mspnewld",1
"spnewlds",1
"pnewldst",1
"newldsts",1
"ewldstsm",1
"wldstsme",1
"ldstsmex",1
"dstsmexl",1
"dvlmt6tu",1
"vlmt6tun",1
"lmt6tuns",1
"mt6tunse",1
"t6tunsen",1
"6tunsenc",1
"tunsencb",1
"unsencbe",1
"nsencbec",1
"munsaist",1
"unsaiste",1
"nsaisten",1
"saistenm",1
"aistenmu",1
"istenmun",1
"stenmuna",1
"tenmunar",1
"enmunars",1
"nmunarse",1
"klse-lrs",1
"lse-lrst",1
"se-lrste",1
"e-lrste-",1
"-lrste-t",1
"lrste-tr",1
"rste-trs",1
"ste-trse",1
"te-trse-",1
"e-trse-t",1
"-trse-tr",1
"trse-trs",1
"rse-trse",1
"se-trse-",1
"e-trse-m",1
"-trse-mk",1
"trse-mks",1
"rse-mkse",1
"se-mksen",1
"e-mksen-",1
"-mksen-m",1
"mksen-mr",1
"ksen-mrs",1
"sen-mrse",1
"sae6nses",1
"ae6nsese",1
"e6nsesen",1
"6nsesenm",1
"nsesenmb",1
"sesenmbs",1
"esenmbse",1
"nmnrcbrn",1
"mnrcbrns",1
"nrcbrnse",1
"cbrnsep+",1
"brnsep+e",1
"rnsep+e2",1
"nsep+e2p",1
"sep+e2pt",1
"ep+e2pte",1
"p+e2ptew",1
"+e2ptews",1
"e2ptewsr",1
"2ptewsrc",1
"ptewsrcb",1
"tewsrcbr",1
"ewsrcbrn",1
"wsrcbrns",1
"srcbrnse",1
"26mlse74",1
"6mlse74s",1
"mlse74sp",1
"lse74spr",1
"se74sprk",1
"e74sprks",1
"74sprkse",1
"4sprkse2",1
"sprkse29",1
"prkse29k",1
"rkse29ke",1
"kse29ken",1
"se29keno",1
"e29kenos",1
"29kenoso",1
"9kenosol",1
"kenosole",1
"enosole1",1
"nosole17",1
"osole173",1
"sole173r",1
"ole173r7",1
"le173r7r",1
"e173r7rs",1
"173r7rse",1
"356leclg",1
"56leclgs",1
"6leclgse",1
"leclgseu",1
"eclgseuu",1
"clgseuun",1
"lgseuunu",1
"gseuunut",1
"seuunutr",1
"euunutre",1
"uunutred",1
"unutredk",1
"nutredkr",1
"utredkrs",1
"tredkrse",1
"redkrsep",1
"edkrseps",1
"dkrsepse",1
"krsepses",1
"rsepsesh",1
"sepseshl",1
"epseshle",1
"6s1mtcse",1
"s1mtcseh",1
"1mtcseht",1
"mtcsehtl",1
"tcsehtls",1
"csehtlse",1
"sehtlsen",1
"ehtlsenc",1
"htlsencu",1
"tlsencut",1
"lsencutc",1
"sencutct",1
"encutctr",1
"ncutctrs",1
"cutctrsn",1
"utctrsnm",1
"tctrsnmr",1
"ctrsnmre",1
"99.84.b2",1
"9.84.b2u",1
".84.b2un",1
"84.b2une",1
"4.b2unep",1
".b2unepl",1
"b2unepls",1
"2uneplse",1
"uneplsen",1
"neplsenc",1
"eplsencr",1
"plsencrs",1
"lsencrse",1
"sencrsea",1
"encrseao",1
"ncrseaol",1
"crseaolt",1
"rseaolts",1
"seaoltse",1
"eaoltsen",1
"aoltsens",1
"oltsensk",1
"ltsensks",1
"tsenskse",1
"sensksen",1
"ensksenr",1
"nsksenrs",1
"sksenrse",1
"nsreouse",1
"sreousep",1
"reousepu",1
"eouseput",1
"ouseputs",1
"useputse",1
"seputsew",1
"eputsewl",1
"putsewld",1
"utsewldu",1
"tsewlduc",1
"sewlducb",1
"ewlducbe",1
"wlducbe3",1
"lducbe3x",1
"ducbe3xo",1
"ucbe3xor",1
"cbe3xorl",1
"dnmsenrs",1
"nmsenrse",1
"msenrsei",1
"senrsein",1
"enrsein2",1
"nrsein2n",1
"rsein2nt",1
"sein2ntr",1
"ein2ntrl",1
"in2ntrle",1
"n2ntrler",1
"2ntrlerc",1
"ntrlercb",1
"trlercbr",1
"rlercbrn",1
"lercbrns",1
"ercbrnse",1
"rnsentsr",1
"nsentsrc",1
"sentsrcr",1
"entsrcrb",1
"ntsrcrbn",1
"tsrcrbne",1
"lspnseng",1
"spnsengs",1
"pnsengsp",1
"nsengsps",1
"sengspse",1
"engspsem",1
"ngspsemk",1
"gspsemks",1
"spsemkse",1
"psemkser",1
"semkserb",1
"emkserbs",1
"mkserbse",1
"kserbsen",1
"serbsenc",1
"erbsencb",1
"rbsencbe",1
"bsencbea",1
"sencbeav",1
"encbeavx",1
"ncbeavxl",1
"cbeavxlr",1
"hmcrenmr",1
"mcrenmre",1
"crenmres",1
"renmresc",1
"enmrescb",1
"nmrescbe",1
"mrescbeÂ",1
"rescbeÂœ",1
"escbeÂœm",1
"scbeÂœmu",1
"cbeÂœmun",1
"beÂœmund",1
"eÂœmundd",1
"Âœmunddl",1
"œmunddls",1
"munddlse",1
"d-w-m-yh",1
"-w-m-yhi",1
"w-m-yhil",1
"-m-yhilx",1
"m-yhilxd",1
"-yhilxdr",1
"yhilxdrl",1
"hilxdrlx",1
"mndmxnear",1
"ndmxnears",1
"dmxnearse",1
"mxnearse-",1
"xnearse-n",1
"nearse-n-",1
"earse-n-s",1
"arse-n-st",1
"rse-n-sta",1
"se-n-sta-",1
"e-n-sta-k",1
"-n-sta-kn",1
"n-sta-kna",1
"-sta-knar",1
"sta-knare",1
"tfrnenpin",1
"frnenpins",1
"rnenpinse",1
"nenpinsen",1
"enpinsenp",1
"npinsenpb",1
"pinsenpbs",1
"insenpbse",1
"nsenpbser",1
"senpbserc",1
"enpbsercb",1
"npbsercbb",1
"pbsercbbn",1
"bsercbbns",1
"sercbbnse",1
"ercbbnsen",1
"rcbbnsenp",1
"cbbnsenpr",1
"bbnsenprs",1
"bnsenprse",1
"nsenprsei",1
"senprsein",1
"enprseinc",1
"prsenmrse",1
"rsenmrseo",1
"senmrseop",1
"enmrseopr",1
"nmrseopre",1
"mrseopreh",1
"rseoprehl",1
"seoprehld",1
"eoprehldu",1
"oprehldul",1
"prehlduld",1
"rehlduldn",1
"ehlduldnc",1
"hlduldncb",1
"lduldncbe",1
"duldncbet",1
"uldncbetf",1
"ldncbetfx",1
"dncbetfxl",1
"ncbetfxlf",1
"cbetfxlft",1
"betfxlftc",1
"etfxlftcx",1
"tfxlftcxl",1
"fxlftcxlu",1
"xlftcxlul",1
"lftcxlulb",1
"ftcxlulbe",1
"al-prppit",1
"l-prppitx",1
"-prppitxl",1
"prppitxly",1
"rppitxlyp",1
"ppitxlypp",1
"pitxlyppi",1
"itxlyppiy",1
"txlyppiyn",1
"xlyppiync",1
"lyppiyncb",1
"yppiyncbe",1
"ppiyncbem",1
"piyncbemg",1
"iyncbemgk",1
"yncbemgks",1
"ncbemgkse",1
"cbemgksei",1
"bemgksein",1
"emgkseinl",1
"mgkseinld",1
"gkseinldr",1
"kseinldrc",1
"seinldrcb",1
"einldrcbr",1
"inldrcbrn",1
"nldrcbrns",1
"drcbrnsep",1
"rcbrnsepr",1
"cbrnseprs",1
"brnseprse",1
"wldrcbrns",1
"drcbrnsen",1
"brnsentsg",1
"rnsentsgn",1
"nsentsgne",1
"sentsgnen",1
"entsgnent",1
"ntsgnentx",1
"tsgnentxs",1
"sgnentxse",1
"gnentxse-",1
"nentxse-c",1
"entxse-cr",1
"ntxse-crs",1
"txse-crsl",1
"xse-crsle",1
"se-crsle-",1
"e-crsle-c",1
"-crsle-ci",1
"crsle-cit",1
"rsle-citr",1
"sle-citrs",1
"le-citrse",1
"e-citrsew",1
"-citrsewl",1
"citrsewld",1
"itrsewldn",1
"trsewldnc",1
"alwlpncbe",1
"lwlpncbet",1
"wlpncbets",1
"lpncbetsm",1
"pncbetsme",1
"ncbetsmel",1
"cbetsmelr",1
"betsmelrs",1
"etsmelrse",1
"tsmelrser",1
"smelrserl",1
"melrserls",1
"elrserlse",1
"lrserlseu",1
"rserlseur",1
"serlseurg",1
"erlseurgl",1
"rlseurgls",1
"lseurglsn",1
"seurglsne",1
"eurglsnea",1
"urglsneas",1
"rglsneasn",1
"glsneasnw",1
"lsneasnwl",1
"sneasnwld",1
"neasnwldn",1
"easnwldnc",1
"asnwldncb",1
"snwldncbe",1
"nopfsenls",1
"opfsenlsr",1
"pfsenlsre",1
"fsenlsren",1
"senlsrenc",1
"enlsrencb",1
"nlsrencbe",1
"lsrencben",1
"srencbent",1
"rencbente",1
"encbenteg",1
"ncbentegd",1
"cbentegdd",1
"bentegddm",1
"entegddmn",1
"ntegddmns",1
"tegddmnse",1
"egddmnsen",1
"gddmnsenc",1
"ddmnsencu",1
"dmnsencur",1
"mnsencure",1
"nsencurer",1
"sencurerc",1
"encurercb",1
"ncurercbr",1
"curercbrn",1
"urercbrne",1
"tenetfrne",1
"enetfrnen",1
"netfrnenc",1
"etfrnencb",1
"tfrnencbr",1
"frnencbrt",1
"rnencbrts",1
"nencbrtse",1
"encbrtsen",1
"ncbrtsenc",1
"cbrtsencb",1
"brtsencbe",1
"rtsencbei",1
"tsencbein",1
"sencbeinc",1
"flrseprse",1
"lrseprseo",1
"rseprseon",1
"seprseond",1
"eprseonde",1
"prseonde7",1
"rseonde71",1
"seonde71n",1
"eonde71nc",1
"onde71ncb",1
"nde71ncbe",1
"cdnseprse",1
"dnseprseo",1
"nseprseon",1
"seprseons",1
"eprseonsf",1
"prseonsfe",1
"rseonsfe7",1
"seonsfe74",1
"eonsfe74n",1
"onsfe74nc",1
"nsfe74ncb",1
"sfe74ncbe",1
"pr+seprse",1
"r+seprseo",1
"+seprseon",1
"seprseonr",1
"eprseonre",1
"prseonred",1
"rseonrede",1
"seonrede7",1
"eonrede75",1
"onrede75n",1
"nrede75nc",1
"rede75ncb",1
"ede75ncbe",1
"tfnrcmsps",1
"fnrcmspso",1
"nrcmspsol",1
"rcmspsole",1
"cmspsolem",1
"mspsolemr",1
"spsolemrd",1
"psolemrde",1
"solemrdel",1
"olemrdelu",1
"lemrdelus",1
"emrdeluse",1
"mrdeluset",1
"rdeluseto",1
"delusetot",1
"elusetote",1
"lusetotew",1
"usetotewl",1
"setotewld",1
"etotewldn",1
"totewldni",1
"otewldnin",1
"tewldninl",1
"ewldninld",1
"wldninldn",1
"ldninldnc",1
"dninldncb",1
"ninldncbe",1
"194wld'sn",1
"94wld'snc",1
"4wld'sncb",1
"wld'sncbe",1
"ld'sncbet",1
"d'sncbetr",1
"sncbetrf",1
"sncbetrfx",1
"ncbetrfxl",1
"alpntegls",1
"lpnteglse",1
"pnteglse-",1
"nteglse-s",1
"teglse-se",1
"eglse-see",1
"glse-seer",1
"lse-seer+",1
"se-seer+e",1
"vlsemtse-",1
"lsemtse-c",1
"semtse-ct",1
"emtse-cts",1
"mtse-ctse",1
"tse-ctse-",1
"se-ctse-w",1
"e-ctse-ws",1
"-ctse-wse",1
"ctse-wse-",1
"tse-wse-f",1
"se-wse-fr",1
"e-wse-frt",1
"-wse-frts",1
"wse-frtse",1
"pntrtrseo",1
"ntrtrseon",1
"trtrseonp",1
"rtrseonpr",1
"trseonprs",1
"rseonprse",1
"seonprsew",1
"eonprsewl",1
"onprsewld",1
"nprsewldn",1
"prsewldnc",1
"nwldxlrcm",1
"wldxlrcms",1
"ldxlrcmsp",1
"dxlrcmspn",1
"xlrcmspne",1
"lrcmspnew",1
"rcmspnewl",1
"cmspnewld",1
"mspnewlds",1
"spnewldst",1
"pnewldsts",1
"newldstsm",1
"ewldstsme",1
"wldstsmex",1
"ldstsmexl",1
"dvlmt6tun",1
"vlmt6tuns",1
"lmt6tunse",1
"mt6tunsen",1
"t6tunsenc",1
"6tunsencb",1
"tunsencbe",1
"unsencbec",1
"munsaiste",1
"unsaisten",1
"nsaistenm",1
"saistenmu",1
"aistenmun",1
"istenmuna",1
"stenmunar",1
"tenmunars",1
"enmunarse",1
"klse-lrst",1
"lse-lrste",1
"se-lrste-",1
"e-lrste-t",1
"-lrste-tr",1
"lrste-trs",1
"rste-trse",1
"ste-trse-",1
"te-trse-t",1
"e-trse-tr",1
"-trse-trs",1
"trse-trse",1
"rse-trse-",1
"se-trse-m",1
"e-trse-mk",1
"-trse-mks",1
"trse-mkse",1
"rse-mksen",1
"se-mksen-",1
"e-mksen-m",1
"-mksen-mr",1
"mksen-mrs",1
"ksen-mrse",1
"sae6nsese",1
"ae6nsesen",1
"e6nsesenm",1
"6nsesenmb",1
"nsesenmbs",1
"sesenmbse",1
"nmnrcbrns",1
"mnrcbrnse",1
"nrcbrnsep",1
"rcbrnsep+",1
"cbrnsep+e",1
"brnsep+e2",1
"rnsep+e2p",1
"nsep+e2pt",1
"sep+e2pte",1
"ep+e2ptew",1
"p+e2ptews",1
"+e2ptewsr",1
"e2ptewsrc",1
"2ptewsrcb",1
"ptewsrcbr",1
"tewsrcbrn",1
"ewsrcbrns",1
"wsrcbrnse",1
"26mlse74s",1
"6mlse74sp",1
"mlse74spr",1
"lse74sprk",1
"se74sprks",1
"e74sprkse",1
"74sprkse2",1
"4sprkse29",1
"sprkse29k",1
"prkse29ke",1
"rkse29ken",1
"kse29keno",1
"se29kenos",1
"e29kenoso",1
"29kenosol",1
"9kenosole",1
"kenosole1",1
"enosole17",1
"nosole173",1
"osole173r",1
"sole173r7",1
"ole173r7r",1
"le173r7rs",1
"e173r7rse",1
"356leclgs",1
"56leclgse",1
"6leclgseu",1
"leclgseuu",1
"eclgseuun",1
"clgseuunu",1
"lgseuunut",1
"gseuunutr",1
"seuunutre",1
"euunutred",1
"uunutredk",1
"unutredkr",1
"nutredkrs",1
"utredkrse",1
"tredkrsep",1
"redkrseps",1
"edkrsepse",1
"dkrsepses",1
"krsepsesh",1
"rsepseshl",1
"sepseshle",1
"6s1mtcseh",1
"s1mtcseht",1
"1mtcsehtl",1
"mtcsehtls",1
"tcsehtlse",1
"csehtlsen",1
"sehtlsenc",1
"ehtlsencu",1
"htlsencut",1
"tlsencutc",1
"lsencutct",1
"sencutctr",1
"encutctrs",1
"ncutctrsn",1
"cutctrsnm",1
"utctrsnmr",1
"tctrsnmre",1
"99.84.b2u",1
"9.84.b2un",1
".84.b2une",1
"84.b2unep",1
"4.b2unepl",1
".b2unepls",1
"b2uneplse",1
"2uneplsen",1
"uneplsenc",1
"neplsencr",1
"eplsencrs",1
"plsencrse",1
"lsencrsea",1
"sencrseao",1
"encrseaol",1
"ncrseaolt",1
"crseaolts",1
"rseaoltse",1
"seaoltsen",1
"eaoltsens",1
"aoltsensk",1
"oltsensks",1
"ltsenskse",1
"tsensksen",1
"sensksenr",1
"ensksenrs",1
"nsksenrse",1
"nsreousep",1
"sreousepu",1
"reouseput",1
"eouseputs",1
"ouseputse",1
"useputsew",1
"seputsewl",1
"eputsewld",1
"putsewldu",1
"utsewlduc",1
"tsewlducb",1
"sewlducbe",1
"ewlducbe3",1
"wlducbe3x",1
"lducbe3xo",1
"ducbe3xor",1
"ucbe3xorl",1
"dnmsenrse",1
"nmsenrsei",1
"msenrsein",1
"senrsein2",1
"enrsein2n",1
"nrsein2nt",1
"rsein2ntr",1
"sein2ntrl",1
"ein2ntrle",1
"in2ntrler",1
"n2ntrlerc",1
"2ntrlercb",1
"ntrlercbr",1
"trlercbrn",1
"rlercbrns",1
"lercbrnse",1
"ercbrnsen",1
"brnsentsr",1
"rnsentsrc",1
"nsentsrcr",1
"sentsrcrb",1
"entsrcrbn",1
"ntsrcrbne",1
"lspnsengs",1
"spnsengsp",1
"pnsengsps",1
"nsengspse",1
"sengspsem",1
"engspsemk",1
"ngspsemks",1
"gspsemkse",1
"spsemkser",1
"psemkserb",1
"semkserbs",1
"emkserbse",1
"mkserbsen",1
"kserbsenc",1
"serbsencb",1
"erbsencbe",1
"rbsencbea",1
"bsencbeav",1
"sencbeavx",1
"encbeavxl",1
"ncbeavxlr",1
"hmcrenmre",1
"mcrenmres",1
"crenmresc",1
"renmrescb",1
"enmrescbe",1
"nmrescbeÂ",1
"mrescbeÂœ",1
"rescbeÂœm",1
"escbeÂœmu",1
"scbeÂœmun",1
"cbeÂœmund",1
"beÂœmundd",1
"eÂœmunddl",1
"Âœmunddls",1
"œmunddlse",1
"d-w-m-yhi",1
"-w-m-yhil",1
"w-m-yhilx",1
"-m-yhilxd",1
"m-yhilxdr",1
"-yhilxdrl",1
"yhilxdrlx",1
"mndmxnears",1
"ndmxnearse",1
"dmxnearse-",1
"mxnearse-n",1
"xnearse-n-",1
"nearse-n-s",1
"earse-n-st",1
"arse-n-sta",1
"rse-n-sta-",1
"se-n-sta-k",1
"e-n-sta-kn",1
"-n-sta-kna",1
"n-sta-knar",1
"-sta-knare",1
"tfrnenpins",1
"frnenpinse",1
"rnenpinsen",1
"nenpinsenp",1
"enpinsenpb",1
"npinsenpbs",1
"pinsenpbse",1
"insenpbser",1
"nsenpbserc",1
"senpbsercb",1
"enpbsercbb",1
"npbsercbbn",1
"pbsercbbns",1
"bsercbbnse",1
"sercbbnsen",1
"ercbbnsenp",1
"rcbbnsenpr",1
"cbbnsenprs",1
"bbnsenprse",1
"bnsenprsei",1
"nsenprsein",1
"senprseinc",1
"prsenmrseo",1
"rsenmrseop",1
"senmrseopr",1
"enmrseopre",1
"nmrseopreh",1
"mrseoprehl",1
"rseoprehld",1
"seoprehldu",1
"eoprehldul",1
"oprehlduld",1
"prehlduldn",1
"rehlduldnc",1
"ehlduldncb",1
"hlduldncbe",1
"lduldncbet",1
"duldncbetf",1
"uldncbetfx",1
"ldncbetfxl",1
"dncbetfxlf",1
"ncbetfxlft",1
"cbetfxlftc",1
"betfxlftcx",1
"etfxlftcxl",1
"tfxlftcxlu",1
"fxlftcxlul",1
"xlftcxlulb",1
"lftcxlulbe",1
"al-prppitx",1
"l-prppitxl",1
"-prppitxly",1
"prppitxlyp",1
"rppitxlypp",1
"ppitxlyppi",1
"pitxlyppiy",1
"itxlyppiyn",1
"txlyppiync",1
"xlyppiyncb",1
"lyppiyncbe",1
"yppiyncbem",1
"ppiyncbemg",1
"piyncbemgk",1
"iyncbemgks",1
"yncbemgkse",1
"ncbemgksei",1
"cbemgksein",1
"bemgkseinl",1
"emgkseinld",1
"mgkseinldr",1
"gkseinldrc",1
"kseinldrcb",1
"seinldrcbr",1
"einldrcbrn",1
"inldrcbrns",1
"nldrcbrnse",1
"ldrcbrnsep",1
"drcbrnsepr",1
"rcbrnseprs",1
"cbrnseprse",1
"wldrcbrnse",1
"ldrcbrnsen",1
"drcbrnsent",1
"cbrnsentsg",1
"brnsentsgn",1
"rnsentsgne",1
"nsentsgnen",1
"sentsgnent",1
"entsgnentx",1
"ntsgnentxs",1
"tsgnentxse",1
"sgnentxse-",1
"gnentxse-c",1
"nentxse-cr",1
"entxse-crs",1
"ntxse-crsl",1
"txse-crsle",1
"xse-crsle-",1
"se-crsle-c",1
"e-crsle-ci",1
"-crsle-cit",1
"crsle-citr",1
"rsle-citrs",1
"sle-citrse",1
"le-citrsew",1
"e-citrsewl",1
"-citrsewld",1
"citrsewldn",1
"itrsewldnc",1
"trsewldncb",1
"alwlpncbet",1
"lwlpncbets",1
"wlpncbetsm",1
"lpncbetsme",1
"pncbetsmel",1
"ncbetsmelr",1
"cbetsmelrs",1
"betsmelrse",1
"etsmelrser",1
"tsmelrserl",1
"smelrserls",1
"melrserlse",1
"elrserlseu",1
"lrserlseur",1
"rserlseurg",1
"serlseurgl",1
"erlseurgls",1
"rlseurglsn",1
"lseurglsne",1
"seurglsnea",1
"eurglsneas",1
"urglsneasn",1
"rglsneasnw",1
"glsneasnwl",1
"lsneasnwld",1
"sneasnwldn",1
"neasnwldnc",1
"easnwldncb",1
"asnwldncbe",1
"nopfsenlsr",1
"opfsenlsre",1
"pfsenlsren",1
"fsenlsrenc",1
"senlsrencb",1
"enlsrencbe",1
"nlsrencben",1
"lsrencbent",1
"srencbente",1
"rencbenteg",1
"encbentegd",1
"ncbentegdd",1
"cbentegddm",1
"bentegddmn",1
"entegddmns",1
"ntegddmnse",1
"tegddmnsen",1
"egddmnsenc",1
"gddmnsencu",1
"ddmnsencur",1
"dmnsencure",1
"mnsencurer",1
"nsencurerc",1
"sencurercb",1
"encurercbr",1
"ncurercbrn",1
"curercbrne",1
"tenetfrnen",1
"enetfrnenc",1
"netfrnencb",1
"etfrnencbr",1
"tfrnencbrt",1
"frnencbrts",1
"rnencbrtse",1
"nencbrtsen",1
"encbrtsenc",1
"ncbrtsencb",1
"cbrtsencbe",1
"brtsencbei",1
"rtsencbein",1
"tsencbeinc",1
"flrseprseo",1
"lrseprseon",1
"rseprseond",1
"seprseonde",1
"eprseonde7",1
"prseonde71",1
"rseonde71n",1
"seonde71nc",1
"eonde71ncb",1
"onde71ncbe",1
"cdnseprseo",1
"dnseprseon",1
"nseprseons",1
"seprseonsf",1
"eprseonsfe",1
"prseonsfe7",1
"rseonsfe74",1
"seonsfe74n",1
"eonsfe74nc",1
"onsfe74ncb",1
"nsfe74ncbe",1
"pr+seprseo",1
"r+seprseon",1
"+seprseonr",1
"seprseonre",1
"eprseonred",1
"prseonrede",1
"rseonrede7",1
"seonrede75",1
"eonrede75n",1
"onrede75nc",1
"nrede75ncb",1
"rede75ncbe",1
"tfnrcmspso",1
"fnrcmspsol",1
"nrcmspsole",1
"rcmspsolem",1
"cmspsolemr",1
"mspsolemrd",1
"spsolemrde",1
"psolemrdel",1
"solemrdelu",1
"olemrdelus",1
"lemrdeluse",1
"emrdeluset",1
"mrdeluseto",1
"rdelusetot",1
"delusetote",1
"elusetotew",1
"lusetotewl",1
"usetotewld",1
"setotewldn",1
"etotewldni",1
"totewldnin",1
"otewldninl",1
"tewldninld",1
"ewldninldn",1
"wldninldnc",1
"ldninldncb",1
"dninldncbe",1
"194wld'snc",1
"94wld'sncb",1
"4wld'sncbe",1
"wld'sncbet",1
"ld'sncbetr",1
"d'sncbetrf",1
"sncbetrfx",1
"sncbetrfxl",1
"alpnteglse",1
"lpnteglse-",1
"pnteglse-s",1
"nteglse-se",1
"teglse-see",1
"eglse-seer",1
"glse-seer+",1
"lse-seer+e",1
"vlsemtse-c",1
"lsemtse-ct",1
"semtse-cts",1
"emtse-ctse",1
"mtse-ctse-",1
"tse-ctse-w",1
"se-ctse-ws",1
"e-ctse-wse",1
"-ctse-wse-",1
"ctse-wse-f",1
"tse-wse-fr",1
"se-wse-frt",1
"e-wse-frts",1
"-wse-frtse",1
"pntrtrseon",1
"ntrtrseonp",1
"trtrseonpr",1
"rtrseonprs",1
"trseonprse",1
"rseonprsew",1
"seonprsewl",1
"eonprsewld",1
"onprsewldn",1
"nprsewldnc",1
"prsewldncb",1
"nwldxlrcms",1
"wldxlrcmsp",1
"ldxlrcmspn",1
"dxlrcmspne",1
"xlrcmspnew",1
"lrcmspnewl",1
"rcmspnewld",1
"cmspnewlds",1
"mspnewldst",1
"spnewldsts",1
"pnewldstsm",1
"newldstsme",1
"ewldstsmex",1
"wldstsmexl",1
"dvlmt6tuns",1
"vlmt6tunse",1
"lmt6tunsen",1
"mt6tunsenc",1
"t6tunsencb",1
"6tunsencbe",1
"tunsencbec",1
"munsaisten",1
"unsaistenm",1
"nsaistenmu",1
"saistenmun",1
"aistenmuna",1
"istenmunar",1
"stenmunars",1
"tenmunarse",1
"klse-lrste",1
"lse-lrste-",1
"se-lrste-t",1
"e-lrste-tr",1
"-lrste-trs",1
"lrste-trse",1
"rste-trse-",1
"ste-trse-t",1
"te-trse-tr",1
"e-trse-trs",1
"-trse-trse",1
"trse-trse-",1
"rse-trse-m",1
"se-trse-mk",1
"e-trse-mks",1
"-trse-mkse",1
"trse-mksen",1
"rse-mksen-",1
"se-mksen-m",1
"e-mksen-mr",1
"-mksen-mrs",1
"mksen-mrse",1
"sae6nsesen",1
"ae6nsesenm",1
"e6nsesenmb",1
"6nsesenmbs",1
"nsesenmbse",1
"nmnrcbrnse",1
"mnrcbrnsep",1
"nrcbrnsep+",1
"rcbrnsep+e",1
"cbrnsep+e2",1
"brnsep+e2p",1
"rnsep+e2pt",1
"nsep+e2pte",1
"sep+e2ptew",1
"ep+e2ptews",1
"p+e2ptewsr",1
"+e2ptewsrc",1
"e2ptewsrcb",1
"2ptewsrcbr",1
"ptewsrcbrn",1
"tewsrcbrns",1
"ewsrcbrnse",1
"26mlse74sp",1
"6mlse74spr",1
"mlse74sprk",1
"lse74sprks",1
"se74sprkse",1
"e74sprkse2",1
"74sprkse29",1
"4sprkse29k",1
"sprkse29ke",1
"prkse29ken",1
"rkse29keno",1
"kse29kenos",1
"se29kenoso",1
"e29kenosol",1
"29kenosole",1
"9kenosole1",1
"kenosole17",1
"enosole173",1
"nosole173r",1
"osole173r7",1
"sole173r7r",1
"ole173r7rs",1
"le173r7rse",1
"356leclgse",1
"56leclgseu",1
"6leclgseuu",1
"leclgseuun",1
"eclgseuunu",1
"clgseuunut",1
"lgseuunutr",1
"gseuunutre",1
"seuunutred",1
"euunutredk",1
"uunutredkr",1
"unutredkrs",1
"nutredkrse",1
"utredkrsep",1
"tredkrseps",1
"redkrsepse",1
"edkrsepses",1
"dkrsepsesh",1
"krsepseshl",1
"rsepseshle",1
"6s1mtcseht",1
"s1mtcsehtl",1
"1mtcsehtls",1
"mtcsehtlse",1
"tcsehtlsen",1
"csehtlsenc",1
"sehtlsencu",1
"ehtlsencut",1
"htlsencutc",1
"tlsencutct",1
"lsencutctr",1
"sencutctrs",1
"encutctrsn",1
"ncutctrsnm",1
"cutctrsnmr",1
"utctrsnmre",1
"99.84.b2un",1
"9.84.b2une",1
".84.b2unep",1
"84.b2unepl",1
"4.b2unepls",1
".b2uneplse",1
"b2uneplsen",1
"2uneplsenc",1
"uneplsencr",1
"neplsencrs",1
"eplsencrse",1
"plsencrsea",1
"lsencrseao",1
"sencrseaol",1
"encrseaolt",1
"ncrseaolts",1
"crseaoltse",1
"rseaoltsen",1
"seaoltsens",1
"eaoltsensk",1
"aoltsensks",1
"oltsenskse",1
"ltsensksen",1
"tsensksenr",1
"sensksenrs",1
"ensksenrse",1
"nsreousepu",1
"sreouseput",1
"reouseputs",1
"eouseputse",1
"ouseputsew",1
"useputsewl",1
"seputsewld",1
"eputsewldu",1
"putsewlduc",1
"utsewlducb",1
"tsewlducbe",1
"sewlducbe3",1
"ewlducbe3x",1
"wlducbe3xo",1
"lducbe3xor",1
"ducbe3xorl",1
"dnmsenrsei",1
"nmsenrsein",1
"msenrsein2",1
"senrsein2n",1
"enrsein2nt",1
"nrsein2ntr",1
"rsein2ntrl",1
"sein2ntrle",1
"ein2ntrler",1
"in2ntrlerc",1
"n2ntrlercb",1
"2ntrlercbr",1
"ntrlercbrn",1
"trlercbrns",1
"rlercbrnse",1
"lercbrnsen",1
"ercbrnsent",1
"cbrnsentsr",1
"brnsentsrc",1
"rnsentsrcr",1
"nsentsrcrb",1
"sentsrcrbn",1
"entsrcrbne",1
"lspnsengsp",1
"spnsengsps",1
"pnsengspse",1
"nsengspsem",1
"sengspsemk",1
"engspsemks",1
"ngspsemkse",1
"gspsemkser",1
"spsemkserb",1
"psemkserbs",1
"semkserbse",1
"emkserbsen",1
"mkserbsenc",1
"kserbsencb",1
"serbsencbe",1
"erbsencbea",1
"rbsencbeav",1
"bsencbeavx",1
"sencbeavxl",1
"encbeavxlr",1
"hmcrenmres",1
"mcrenmresc",1
"crenmrescb",1
"renmrescbe",1
"enmrescbeÂ",1
"nmrescbeÂœ",1
"mrescbeÂœm",1
"rescbeÂœmu",1
"escbeÂœmun",1
"scbeÂœmund",1
"cbeÂœmundd",1
"beÂœmunddl",1
"eÂœmunddls",1
"Âœmunddlse",1
"d-w-m-yhil",1
"-w-m-yhilx",1
"w-m-yhilxd",1
"-m-yhilxdr",1
"m-yhilxdrl",1
"-yhilxdrlx",1
